,domain
0,pvcleanmobility.com
1,autofitltd.com
2,pisquaretech.com
3,anandgroupindia.com
4,makinoindia.com
5,bluehyundai.co.in
6,gmail.com
7,gmail.com
8,reliableautotech.com
9,gns-india.com
10,saabengg.com
11,bmw-deutschemotoren.in
12,in.nifco.com
13,pravaig.com
14,omegaseikimobility.com
15,omegaseikimobility.com
16,bestex.co.in
17,electraev.com
18,lismail.in
19,gmail.com
20,gmail.com
21,pearlpet.net
22,conversejob.com
23,wiggles.in
24,thehelloworld.com
25,dbsmintek.com
26,winnyimmigration.com
27,tumbledry.in
28,supertails.com
29,stockholdingdms.com
30,yadavmeasurements.com
31,gmail.com
32,gmail.com
33,laundryheap.co.uk
34,mtpl.org
35,startv.com
36,eliteindia.com
37,skillslash.com
38,infonativesolutions.com
39,phibonacci.com
40,dbmi.edu.in
41,eluminaelearning.com.au
42,whizlabs.com
43,jigsawacademy.com
44,mentoria.com
45,gmail.com
46,gmail.com
47,suraasa.com
48,codekaroyaaro.com
49,infonative.net
50,purpletutor.com
51,mindcypress.org
52,vaidikedu.com
53,purpletutor.com
54,classteacher.com
55,squarepanda.com
56,apparelresources.com
57,beyoung.in
58,gmail.com
59,gmail.com
60,sabsexports.com
61,mirraw.com
62,gimatex.co.in
63,maxwellindustries.com
64,fablestreet.com
65,gmail.com
66,bombayshirts.com
67,myblissclub.in
68,teamhgs.com
69,gmail.com
70,condorinblu.com
71,beyoung.in
72,celebritygroup.com
73,myblissclub.in
74,outshiny.com
75,aqualiteindia.com
76,suta.in
77,classicpolos.com
78,geniemode.com
79,gmail.com
80,gmail.com
81,gmail.com
82,taruntahiliani.com
83,neemans.com
84,lecoanethemant.com
85,magnoliablossom.com
86,ixfi.com
87,basizfa.com
88,aristotleconsultancy.com
89,smcinvestments.co.in
90,numadic.com
91,definedge.com
92,gmail.com
93,gmail.com
94,fno.co
95,surfboard.se
96,finwaycapital.in
97,moneyhop.co
98,shriramfinance.in
99,mangalkeshav.com
100,sunidhi.com
101,technoworld.in
102,bourkegroup.com.au
103,gmail.com
